ataque,sketch,w,d,mre,latencia_exacta_s,latencia_sketch_s,memoria_KB
ddos,cms,256,5,0.6279134592402773,10.0,10.0,70
ddos,cs,256,5,0.08442416365772952,10.0,10.0,70
ddos,cms,1024,5,0.14320364842812502,10.0,10.0,280
ddos,cs,1024,5,0.015328110756795668,10.0,10.0,280
ddos,cms,4096,5,0.028292197094985407,10.0,10.0,1120
ddos,cs,4096,5,0.0014113276776131418,10.0,10.0,1120
scan,cms,256,5,0.04479036458333334,20.0,10.0,70
scan,cs,256,5,0.026748697916666665,20.0,10.0,70
scan,cms,1024,5,0.00564765625,20.0,20.0,280
scan,cs,1024,5,0.0004283854166666667,20.0,20.0,280
scan,cms,4096,5,0.00068984375,20.0,20.0,1120
scan,cs,4096,5,0.00010963541666666667,20.0,20.0,1120
